Gene A	Gene B	Uniprot A	Uniprot B	Score	Data Source	Experiments	Authors	Publications
SPI1	JUN	P17947	P05412	0.85	BIOGRID|HPRD|I2D		Reddy VA (2002)|Carr??re S (1998)	12091339|9681824
SPI1	CEBPA	P17947	P49715	0.86	BIOGRID|HPRD|I2D		Reddy VA (2002)|Trivedi AK (2006)	12091339|16983342
SPI1	ATF1	P17947	P18846	0.75	BIOGRID|HPRD|I2D		Pongubala JM (1995)	7730336
SPI1	CREM	P17947	Q03060	0.75	BIOGRID|HPRD|I2D		Pongubala JM (1995)	7730336
SPI1	TBP	P17947	P20226	0.85	BIOGRID|DIP|HPRD|I2D		Hagemeier C (1993)|Kihara-Negishi F (2001)	8434021|11593411
SPI1	GATA2	P17947	P23769	0.9	BIOGRID|DIP|HPRD|I2D|INTACT		Zhang P (1999)|Zhang SJ (2008)|Rekhtman N (1999)	10411939|18250304|10364157
SPI1	MITF	P17947	O75030	0.75	BIOGRID|HPRD|I2D		Sato M (1999)	9918847
SPI1	FUS	P17947	P35637	0.89	BIOGRID|HPRD|I2D|Lim 2006		Hallier M (1998)|Lim J (2006)	9478924|16713569
SPI1	ETS1	P17947	P14921	0.75	BIOGRID		Carr??re S (1998)	9681824
SPI1	ETS2	P17947	P15036	0.75	BIOGRID		Carr??re S (1998)	9681824
SPI1	ETV1	P17947	P50549	0.75	BIOGRID		Carr??re S (1998)	9681824
SPI1	FOS	P17947	P01100	0.75	BIOGRID		Carr??re S (1998)	9681824
SPI1	DNMT3A	P17947	Q9Y6K1	0.78	BIOGRID		Suzuki M (2006)	16331260
SPI1	DNMT3B	P17947	Q9UBC3	0.78	BIOGRID		Suzuki M (2006)	16331260
SPI1	HOXA10	P17947	P31260	0.76	BIOGRID|INTACT		Yamada T (2008)	18692240
SPI1	GFI1	P17947	Q99684	0.75	BIOGRID|INTACT		Dahl R (2006)	17197705
SPI1	SIN3A	P17947	Q96ST3	0.68	BIOGRID		Kihara-Negishi F (2001)	11593411
SPI1	RARA	P17947	P10276	0.65	BIOGRID		Wang K (2010)	20159610
SPI1	SKI	P17947	P12755	0.68	BIOGRID		Ueki N (2007)	17621263
SPI1	BCL6	P17947	P41182	0.68	BIOGRID		Wei F (2009)	19564417
SPI1	IRF1	P17947	P10914	0.66	BIOGRID		Eklund EA (1998)|Kautz B (2001)	9593745|11483597
SPI1	GATA3	P17947	P23771	0.63	BIOGRID		Rekhtman N (1999)	10364157
SPI1	TMX1	P17947	Q9H3N1	0.63	BIOGRID|INTACT		Wang J (2011)	21988832
SPI1	SSRP1	P17947	Q08945	0.55	DIP|HPRD|I2D		Nagulapalli S (1995)	7594592
SPI1	ERG	P17947	P11308	0.52	HPRD|I2D		Carr??re S (1998)	9681824
SPI1	NFATC1	P17947	O95644	0.52	HPRD|I2D		Matsumoto M (2004)	15304486
SPI1	PIP	P17947	P12273	0.55	HPRD|I2D		Rieske P (2000)	11133986
SPI1	CREBBP	P17947	Q92793	0.72	HPRD|I2D|STRING		Yamamoto H (1999)	10050886
SPI1	NFKB1	P17947	P19838	0.52	HPRD|I2D		Bassuk AG (1997)	9094628
SPI1	PARP1	P17947	P09874	0.63	INTACT		Brenner JC (2011)	21575865
SPI1	PRKDC	P17947	P78527	0.68	INTACT		Brenner JC (2011)	21575865
SPI1	XRCC6	P17947	P12956	0.63	INTACT		Brenner JC (2011)	21575865
SPI1	XRCC5	P17947	P13010	0.63	INTACT		Brenner JC (2011)	21575865
SPI1	PRKCD	P17947	Q05655	0.63	INTACT		Kim MS (2014)	24996056
SPIB	SPI1	Q01892	P17947	0.75	BIOGRID|HPRD|I2D		Rao S (1999)	10196196
CEBPB	SPI1	P17676	P17947	0.75	BIOGRID|HPRD|I2D		Nagulapalli S (1995)	7594592
NONO	SPI1	Q15233	P17947	0.85	BIOGRID|HPRD|I2D		Hallier M (1996)	8626664
GATA1	SPI1	P15976	P17947	0.81	BIOGRID|HPRD|I2D		Rekhtman N (1999)|Du J (2002)	10364157|12202480
IRF4	SPI1	Q15306	P17947	0.89	BIOGRID|HPRD|I2D		Brass AL (1999)|Escalante CR (2002)	10022840|12372320
IRF8	SPI1	Q02556	P17947	0.7	BIOGRID|HPRD|I2D		Rehli M (2000)|Eklund EA (1998)|Kautz B (2001)	10734131|9593745|11483597
RB1	SPI1	P06400	P17947	0.75	BIOGRID|DIP|HPRD|I2D		Hagemeier C (1993)	8434021
CSNK2A1	SPI1	P68400	P17947	0.65	BIOGRID		Mao C (1996)	8632909
MAPK8	SPI1	P45983	P17947	0.65	BIOGRID		Mao C (1996)	8632909
NFYA	SPI1	P23511	P17947	0.75	BIOGRID		Bemark M (1998)	9668064
MECP2	SPI1	P51608	P17947	0.88	BIOGRID		Suzuki M (2003)|Suzuki M (2006)	14647463|16331260
HDAC1	SPI1	Q13547	P17947	0.89	BIOGRID		Suzuki M (2003)|Suzuki M (2006)|Kihara-Negishi F (2001)	14647463|16331260|11593411
HDAC3	SPI1	O15379	P17947	0.63	BIOGRID		Ueki N (2007)	17621263
PML	SPI1	P29590	P17947	0.63	BIOGRID		Wang K (2010)	20159610
VAV1	SPI1	P15498	P17947	0.63	BIOGRID		Brugnoli F (2009)	19747912
RUNX1	SPI1	Q01196	P17947	0.56	BIOGRID		Mao S (1999)	10207087
CEBPD	SPI1	P49716	P17947	0.52	DIP|HPRD|I2D		Nagulapalli S (1995)	7594592
gp120	SPI1	P04578	P17947	0.23	HHPID			19386588
pol	SPI1	P04585	P17947	0.23	HHPID			16061936
CEBPE	SPI1	Q15744	P17947	0.52	HPRD|I2D		Du J (2002)	12202480
YTHDC1	SPI1	Q96MU7	P17947	0.63	INTACT		Fasci D (2018)	30021884
FLT3	SPI1	P36888	P17947	0	STRING			
ERG	ERG	P11308	P11308	0.55	HPRD|I2D		Carr??re S (1998)	9681824
ETV1	ERG	P50549	P11308	0.52	HPRD|I2D		Carr??re S (1998)	9681824
JUN	JUN	P05412	P05412	0.99	BIOGRID|HOMOMINT|HPRD|I2D|INTACT|ORTHO		Hu YF (2002)|Chevray PM (1992)|Verger A (2001)|Liu H (2006)|Franklin CC (1995)|Yang X (1999)|Nomura N (1993)|Srivastav RK (2011)|Reinke AW (2010)|Li X (2015)	12080089|1631061|11278640|16511568|7848298|10488148|8440710|21675959|20102225|25609649
TBP	JUN	P20226	P05412	0.89	BIOGRID|DIP|HPRD|I2D|Lim 2006		Franklin CC (1995)|Bossis G (2005)|Ransone LJ (0)|Lim J (2006)	7848298|16055710|7685215|16713569
PRKDC	JUN	P78527	P05412	0.77	BIOGRID|HPRD|I2D|INTACT		Bannister AJ (1993)|Li X (2015)	8464713|25609649
MAPK8	JUN	P45983	P05412	0.99	BIND|BIOGRID|DIP|HOMOMINT|HPRD|I2D|INTACT|Lim 2006|MINT		D??rijard B (1994)|Beausoleil SA (2004)|Gupta S (1996)|Hibi M (1993)|Eliopoulos AG (2005)|Ishitani T (2003)|Nishitoh H (1998)|Yazgan O (2002)|Tada K (2001)|Meyer CF (1996)|Cano E (1995)|Tournier C (1997)|Ho DT (2006)|Kawasaki M (1999)|Yao K (2009)|Hayashi T (2007)|Lim J (2006)|Trivedi AK (2006)|Zhu F (2006)|Z????iga A (1999)|Hocevar BA (2005)|Huang J (2012)|Abell AN (2005)|Wang J (2000)|Kolluri SK (2003)|Gravestein LA (1998)|Gallagher ED (2002)|Jeon YJ (2009)|Singhirunnusorn P (2004)|Xia Y (1998)|Liu HP (2010)|Dadgostar H (2003)|Higashimoto T (2008)|Han YH (2006)|Hirano T (2002)|Funakoshi-Tago M (2005)|Ryoo K (2004)|Garcia-Guzman M (2000)|Burns K (1998)|Manna SK (2010)|Lewis J (2003)|Hofmann TG (2005)|Chen LY (2003)|Yamashita M (2008)|Cavigelli M (1995)|Choi BY (2005)|Yao K (2007)|Wu X (2007)|Sundarrajan M (2003)|Choi HK (2011)|Katagiri C (2006)|Dai R (2000)|Blonska M (2006)|Kadoya T (2005)|Katagiri C (2006)|Yuan ZQ (2003)|Wasserman T (2009)|Kato T (2008)|Lee KH (2005)|Chang TS (2003)|Kallunki T (1994)|Phelan DR (2001)|Zhang J (2013)|Li X (2002)|Grau R (2004)|Kendrick TS (2003)|Morley SJ (2000)|Hern??ndez M (2000)|Larsson H (1999)|Hwang SG (2014)|Wu S (2002)|Shkoda A (2012)|Rausch O (1997)|Ho JM (2002)|Chang HY (1999)|Holzberg D (2003)|Pop M (2004)	8137421|15302935|8654373|8224842|16291755|14633987|9774977|12052834|11479302|8621542|8586671|9207092|16533805|10393177|19527717|18003900|16713569|16983342|16740711|10419510|15894542|22327296|16157600|11108663|14612408|9692890|12228228|19270716|15590691|9808624|20732415|14572659|18957422|16434970|12185592|15749833|15299005|10962563|9575168|20133937|14701799|15958389|14517282|18922473|8846788|16007099|17875713|17363973|13130464|22110360|16549498|10747973|17189706|16166642|16824735|12697749|19910486|18429822|15677475|12963725|8001819|11278395|23816567|11907583|15289320|14557262|10908726|10987838|10464310|25098452|12407442|22904686|9032244|12149229|9990010|12832416|15143066
NFYA	JUN	P23511	P05412	0.83	BIOGRID|HPRD|I2D		Faniello MC (2002)|Ahn J (2011)	11903046|21565167
RB1	JUN	P06400	P05412	0.89	BIOGRID|HPRD|I2D		Nishitani J (1999)|Nead MA (1998)	10026157|9545246
CREBBP	JUN	Q92793	P05412	0.9	BIOGRID|HPRD|I2D|Lim 2006		Sano Y (1998)|Benbrook DM (1990)|Bossis G (2005)|Lim J (2006)|Merika M (1998)|Duyndam MC (1999)|Johnson J (2007)|Yamaguchi K (2005)|Arias J (1994)|Tsai LN (2008)	9786917|2138276|16055710|16713569|9659924|10327051|17296604|15994313|8028671|18443043
SPIB	JUN	Q01892	P05412	0.75	BIOGRID|HPRD|I2D		Rao S (1999)	10196196
HDAC3	JUN	O15379	P05412	0.73	BIOGRID|HPRD|I2D		Weiss C (2003)	12853483
PARP1	PARP1	P09874	P09874	0.89	BIOGRID|HPRD|I2D|INTACT		Ko L (2003)|Li B (2004)|Hassa PO (2005)|Langelier MF (2010)|Lonskaya I (2005)|Idogawa M (2007)|Ali AAE (2012)|Kim BK (2014)|Lai YS (2012)|Meyer-Ficca ML (2015)|Brodie SA (2015)|Gibbs-Seymour I (2016)|Bonfiglio JJ (2017)	12519782|14734561|16204234|20388712|15737996|17283121|22683995|24636898|22362888|25673562|26356822|27067600|28190768
PRKDC	PARP1	P78527	P09874	0.84	BIOGRID|HPRD|I2D|INTACT		Morrison C (1997)|Abramson J (2010)|Brenner JC (2011)|Ju BG (2006)	9398855|20085707|21575865|16794079
PRKCD	PRKCD	Q05655	Q05655	0.97	BIOGRID|HPRD|I2D|INTACT|MINT		Wrenn RW (2001)|Li W (1997)|Durgan J (2007)|Niture SK (2009)|Uddin S (2002)|Varjosalo M (2013)|Doller A (2008)|Ren J (2002)	11352632|9305920|17603046|19920073|11839738|23455922|18285462|12097319
PRKCD	CREBBP	Q05655	Q92793	0.55	HPRD|I2D|STRING		Zanger K (2001)	11463380
PRKDC	PRKCD	P78527	Q05655	0.75	HPRD|I2D|INTACT|STRING		Bharti A (1998)|Yoshida K (2006)	9774685|16611985
RB1	RB1	P06400	P06400	0.9	HPRD|I2D|INTACT|MINT|Rual 2005		Xia X (2001)|Lee C (2002)|Hensey CE (1994)|Rual JF (2005)|Crouch E (1997)|Rubin SM (2005)	11268000|12502741|8288605|16189514|9067421|16360038
CEBPB	RB1	P17676	P06400	0.96	BIOGRID|HPRD|I2D		Charles A (2001)|Chen PL (1996)|Wang J (2008)	11596110|8552662|18628207
HDAC1	RB1	Q13547	P06400	0.9	BIND|BIOGRID|DIP|HPRD|I2D|INTACT|MINT|Rual 2005		Luo RX (1998)|Alland L (2002)|Robertson KD (2000)|Singh J (2002)|Magnaghi-Jaulin L (1998)|Brehm A (1998)|Dick FA (2000)|Fuks F (2000)|Puri PL (2001)|Wang S (2002)|Lai A (1999)|Ferreira R (1998)|Kimura H (2002)|Fedele M (2006)|Brehm A (1999)|Rual JF (2005)|Qiu Z (2008)|Nguyen DX (2004)|Dahiya A (2000)|Zhang HS (2000)|Takaki T (2004)|Khan MM (2001)|Sun JM (2007)|Tokitou F (1999)|Dasgupta P (2004)|Brown VD (2002)|Chang YC (2001)|Harbour JW (1999)|Fan LX (2011)|Joshi P (0)|Chen TT (2000)|Trepte P (2018)|Benhamed M (2012)|Chicas A (2012)	9491888|11909966|10888886|11896613|9468140|9468139|10779361|10615135|11684023|12466959|10490602|9724731|12473678|16766265|10228159|16189514|19081374|15044952|10958676|10778858|15003538|11583987|17827154|9988677|15485920|11839806|11158299|10499802|21900881|23752268|10891495|29997244|22366686|22615382
SPIB	RB1	Q01892	P06400	0.62	HPRD|I2D|Rual 2005		Rao S (1999)|Rual JF (2005)	10196196|16189514
CEBPB	CEBPB	P17676	P17676	0.84	BIOGRID|HPRD|I2D|INTACT		Piwien Pilipuk G (2003)|Kinoshita S (1992)|Hattori T (2003)|Lee SH (2010)|Reinke AW (2010)	12821655|1741402|12618752|20110283|20102225
SPIB	CEBPB	Q01892	P17676	0.52	HPRD|I2D		Rao S (1999)	10196196
CREBBP	GATA1	Q92793	P15976	0.82	BIOGRID|HPRD|I2D		Hong W (2002)	12496368
TBP	TBP	P20226	P20226	0.94	BIOGRID|HOMOMINT|HPRD|I2D		Comai L (1994)|Coleman RA (1995)|Lee SK (1999)|Taggart AK (1996)|Zhai W (1997)|Dantonel JC (1997)|Wieczorek E (1998)|Ogryzko VV (1998)	7801123|7775442|10567404|8650542|9203586|9311784|9603525|9674425
SPIB	TBP	Q01892	P20226	0.85	BIOGRID|HPRD|I2D|Lim 2006		Rao S (1999)|Lim J (2006)	10196196|16713569
CREBBP	CREBBP	Q92793	Q92793	0.8	BIOGRID|HPRD|I2D		Scoggin KE (2001)|Ernst P (2001)|Shi D (2009)|Park S (2017)	11463834|11259575|19805293|28630323
PRKDC	PRKDC	P78527	P78527	0.69	BIOGRID|HPRD|I2D		Ko L (2000)|Douglas P (2002)|Douglas P (2010)|Sartorius CA (2000)	10823961|12186630|20065038|10750018
MAPK8	PRKDC	P45983	P78527	0.69	BIOGRID|HPRD		Park SJ (2001)	11749722
SPIB	MAPK8	Q01892	P45983	0.71	BIOGRID|HPRD		Mao C (1996)	8632909
HDAC1	HDAC1	Q13547	Q13547	0.97	BIOGRID|HOMOMINT|HPRD|I2D|INTACT		Huynh KD (2000)|Zoltewicz JS (2003)|Jin YH (2004)|Yao YL (2003)|Zhang Y (1997)|Bantscheff M (2011)|Joshi P (0)	10898795|14645126|15138260|12920132|9150135|21258344|23752268
DNMT3A	HDAC1	Q9Y6K1	Q13547	0.88	BIOGRID|HPRD		Fuks F (2001)|Hervouet E (2009)	11350943|19786833
HDAC3	HDAC1	O15379	Q13547	0.7	HOMOMINT|HPRD|I2D|Rual 2005		Li J (2000)|Taplick J (2001)|Rual JF (2005)	10944117|11302704|16189514
SIN3A	HDAC1	Q96ST3	Q13547	0.9	BIND|BIOGRID|HPRD|I2D|INTACT		Nikolaev AY (2004)|Hassig CA (1997)|Zhang Y (2003)|Yao YL (2003)|Fleischer TC (2003)|Yang L (2003)|Grozinger CM (1999)|Zhang J (2002)|You A (2001)|Zhang Y (1999)|Zhang Y (2002)|Tong JK (1998)|Hassig CA (1998)|Yasui D (2002)|Huang EY (2000)|Kuzmichev A (2002)|Martinowich K (2003)|Suzuki M (2003)|Suzuki M (2006)|Bantscheff M (2011)|Nakamura T (2002)|Karwowska-Desaulniers P (2007)|Zhang Y (1998)|Humphrey GW (2000)|Pflum MK (2001)|Sekhavat A (2007)|Sun JM (2007)|Terhune SS (2010)|Skowyra D (2000)|Wei Q (2005)|Xue Y (1998)|Barr?? B (2007)|Joshi P (0)|Oh YM (2009)|Hsu DS (2014)|Hein MY (2015)|Wan C (2015)|Huttlin EL (2017)|Lahm A (2007)	15451426|9150133|12943729|12920132|12724404|12398767|10220385|11931768|11171972|10444591|12091390|9804427|9520398|12374985|10640275|11784859|14593184|14647463|16331260|21258344|12453419|17643391|9790534|11102443|11602581|18059533|17827154|20585571|11118440|15695521|9885572|17962807|23752268|19182791|25314079|26496610|26344197|28514442|17956988
SIN3A	MECP2	Q96ST3	P51608	0.9	BIOGRID|HPRD|I2D|INTACT		Kokura K (2001)|Jones PL (1998)|Nan X (1998)|Yu F (2000)|Martinowich K (2003)|Klose RJ (2004)|Gonzales ML (2012)|Lyst MJ (2013)	11441023|9620779|9620804|10773092|14593184|15322089|22615490|23770565
SPIB	IRF4	Q01892	Q15306	0.62	HPRD|I2D|Rual 2005		Rao S (1999)|Rual JF (2005)	10196196|16189514
BCL6	BCL6	P41182	P41182	0.89	BIOGRID|HPRD|I2D|INTACT		Lemercier C (2002)|Huynh KD (2000)|Stead MA (2008)|Shen Y (2008)|Rolland T (2014)	11929873|10898795|19052359|18675787|25416956
JUN	BCL6	P05412	P41182	0.78	BIOGRID|HPRD|I2D		Vasanwala FH (2002)	12165517
IRF4	BCL6	Q15306	P41182	0.88	BIOGRID|HPRD|I2D		Gupta S (1999)|Gupta S (2001)	10601358|11342629
SIN3A	BCL6	Q96ST3	P41182	0.9	BIOGRID|HPRD|I2D|INTACT		Wong CW (1998)|Miles RR (2005)|Dhordain P (1998)	9765306|16147992|9753732
FOS	CSNK2A1	P01100	P68400	0.78	BIOGRID|HPRD|I2D		Yamaguchi Y (1998)	9685505
CSNK2A1	JUN	P68400	P05412	0.9	BIOGRID|HPRD|I2D|INTACT		Yamaguchi Y (1998)|Lin A (1992)|Uhle S (2003)|Li X (2015)	9685505|1516134|12628923|25609649
CREBBP	CSNK2A1	Q92793	P68400	0.88	BIOGRID|HPRD|I2D		Yamaguchi Y (1998)|Jung SY (2005)	9685505|16051665
CSNK2A1	HDAC1	P68400	Q13547	0.95	BIOGRID|HPRD|INTACT|ORTHO		Pflum MK (2001)|Cai R (2001)|Sun JM (2007)|Zhang M (2011)|Joshi P (0)	11602581|11327722|17827154|22113938|23752268
CSNK2A1	SPIB	P68400	Q01892	0.79	BIOGRID|HPRD|I2D		Mao C (1996)|Ray-Gallet D (1999)	8632909|10618498
HDAC3	HDAC3	O15379	O15379	0.9	BIOGRID|HPRD|I2D|INTACT|Rual 2005		Zhou X (2000)|Yang WM (2002)|Li G (2003)|Fischle W (2002)|Huynh KD (2000)|Rual JF (2005)|Joshi P (0)|Kim Y (2015)|Watson PJ (2012)	10655483|11779848|14521922|11804585|10898795|16189514|23752268|25997740|22230954
DNMT3B	HDAC1	Q9UBC3	Q13547	0.89	BIOGRID|HPRD		Deplus R (2002)|Geiman TM (2004)|Suzuki M (2006)|Geiman TM (2004)|Cai Y (2013)	12202768|15148359|16331260|15120635|23708667
DNMT3B	DNMT3A	Q9UBC3	Q9Y6K1	0.9	BIOGRID|HPRD|I2D		Kim GD (2002)|Ling Y (2004)|Lehnertz B (2003)|Kashiwagi K (2010)|Huttlin EL (2017)	12145218|14752048|12867029|20923784|28514442
CSNK2A1	SSRP1	P68400	Q08945	0.95	BIOGRID|HPRD|I2D|INTACT|ORTHO		Li Y (2005)|Zhang M (2011)|Havugimana PC (2012)|So J (2015)|Wan C (2015)|Huttlin EL (2017)	15659405|22113938|22939629|25852190|26344197|28514442
CSNK2A1	HDAC3	P68400	O15379	0.77	BIOGRID|HPRD|I2D		Zhang X (2005)|Rajendran P (2011)	15805470|21624135
HDAC3	RB1	O15379	P06400	0.84	BIOGRID|HPRD|I2D|Rual 2005		Fajas L (2002)|Lai A (1999)|Rual JF (2005)|Dahiya A (2000)	12479814|10490602|16189514|10958676
CSNK2A1	ATF1	P68400	P18846	0.79	BIOGRID|HPRD|I2D		Yamaguchi Y (1998)	9685505
CEBPE	GATA1	Q15744	P15976	0.65	BIOGRID|HPRD|I2D		Du J (2002)	12202480
CEBPE	RB1	Q15744	P06400	0.71	BIND|BIOGRID|HPRD|I2D		Gery S (2003)	12947005
PARP1	RARA	P09874	P10276	0.81	BIOGRID|HPRD|I2D|INTACT		Pavri R (2005)|Fujiki R (2009)|Liu Z (2014)	15808511|19377461|25303530
RB1	TBP	P06400	P20226	0.86	BIND|BIOGRID|HPRD|I2D|Lim 2006		Hirsch HA (2000)|Shao Z (1997)|Lim J (2006)	11094070|9242374|16713569
PML	PML	P29590	P29590	0.89	BIOGRID|HPRD|I2D|INTACT		Shyu HW (2003)|Koken MH (1997)|Tsuzuki S (2000)|Ahn JH (1998)|Li H (2000)|Woodsmith J (2012)|Sternsdorf T (1997)|Condemine W (2006)|Bellodi C (2006)|Geng Y (2012)|Kentsis A (2002)|Schilling EM (2017)	12837286|9294197|10938104|9671498|10669754|22493164|9230084|16778193|16540467|22773875|12438698|27903803
RB1	PML	P06400	P29590	0.88	BIOGRID|HPRD|I2D|Rual 2005		Alcalay M (1998)|Rual JF (2005)	9448006|16189514
CREBBP	PML	Q92793	P29590	0.9	BIOGRID|HPRD|I2D|Lim 2006|STRING		Doucas V (1999)|Chan JY (2002)|Matsuzaki K (2003)|Zhong S (1999)|Lim J (2006)|Chen Y (2015)	10077561|12142048|12622724|10610177|12234245|16713569|25733689
HDAC1	PML	Q13547	P29590	0.9	BIOGRID|HPRD|Lim 2006|Rual 2005		Khan MM (2001)|Wu WS (2001)|Rual JF (2005)|Lim J (2006)|Morey L (2008)|Kuo HY (2013)|Kim YE (2015)	11430826|11259576|16189514|16713569|18644863|23563092|25812002
RARA	PML	P10276	P29590	0.89	BIOGRID|HPRD|I2D|Lim 2006|Rual 2005		Brockman SR (2003)|Kastner P (1992)|Zhong S (1999)|Rual JF (2005)|Lim J (2006)|Minucci S (2000)|Kr??mer OH (2007)|Wang K (2010)|C??t?? S (2000)|Bellodi C (2006)|Villa R (2007)	12935927|1311253|10610177|16189514|16713569|10882117|18073335|20159610|11050004|16540467|17560333
SIN3A	PML	Q96ST3	P29590	0.79	BIOGRID|HPRD|I2D		Khan MM (2001)	11430826
PML	HDAC3	P29590	O15379	0.88	BIOGRID|HPRD|I2D|Rual 2005		Wu WS (2001)|Rual JF (2005)	11259576|16189514
GATA2	PML	P23769	P29590	0.89	BIOGRID|HPRD|I2D|Rual 2005		Tsuzuki S (2000)|Rual JF (2005)	10938104|16189514
SKI	PML	P12755	P29590	0.79	BIOGRID|HPRD|I2D		Khan MM (2001)	11430826
SKI	SKI	P12755	P12755	0.88	BIOGRID|HPRD|I2D		Akiyoshi S (1999)|Cohen SB (1999)|Rashidian J (2015)	10575014|9927733|25670202
CSNK2A1	CSNK2A1	P68400	P68400	0.82	BIOGRID|HPRD|I2D|INTACT		Belenguer P (1990)|Son MY (1999)|Uhle S (2003)|Raftery M (2005)|Sawasaki T (2007)|Szab?? A (2013)	2192260|10512750|12628923|15882073|18082144|24013921
SPIB	SPIB	Q01892	Q01892	0.85	BIOGRID|HPRD|I2D|Rual 2005		Rao S (1999)|Rual JF (2005)	10196196|16189514
ERG	JUN	P11308	P05412	0.76	BIOGRID|HPRD|I2D		Verger A (2001)	11278640
NONO	NONO	Q15233	Q15233	0.83	BIOGRID|HPRD|I2D|INTACT|Rual 2005		Fox AH (2005)|Rual JF (2005)|Wang J (2011)|Wallach T (2013)|Rolland T (2014)|Yu H (2011)|Passon DM (2012)	16148043|16189514|21988832|23555304|25416956|21516116|22416126
CEBPA	CEBPA	P49715	P49715	0.95	BIOGRID|HPRD|I2D|INTACT		Christian M (2002)|Bararia D (2008)|Reinke AW (2013)|Xie Q (0)|Reinke AW (2010)	11893744|18239623|23661758|21153370|20102225
RB1	CEBPA	P06400	P49715	0.83	BIOGRID|HPRD|I2D		Timchenko NA (1999)|Bararia D (2008)|Wang GL (2004)	10082561|18239623|15107404
NFYA	CEBPA	P23511	P49715	0.55	HPRD|I2D		Zhu QS (2004)	15150264
CEBPB	CEBPA	P17676	P49715	0.88	BIOGRID|HPRD|I2D|INTACT		Cao Z (1991)|Lin L (2005)|Reinke AW (2010)	1840554|15751966|20102225
GATA2	CEBPA	P23769	P49715	0.52	HPRD|I2D		Page RL (1992)	1563207
CSNK2A1	CREM	P68400	Q03060	0.55	HPRD|I2D		de Groot RP (1993)	8404858
NFKB1	NFKB1	P19838	P19838	0.99	BIOGRID|DIP|HPRD|I2D|INTACT|MINT|ORTHO		Ko J (2002)|Naumann M (1993)|Thornburg NJ (2003)|Hansen SK (1994)|Malek S (1998)|Bouwmeester T (2004)|Lang V (2004)|Kundu M (1997)|Wang J (2011)|Nie M (2003)|Mifflin RC (2002)|Gallois C (1998)|Bell S (1996)|Matthews JR (1992)|Smolle M (2004)|Kwon JH (2002)|Beinke S (2003)|Li X (2015)|Lang V (2003)	11943214|8428580|14678988|8139561|9738011|14743216|15169888|9368006|21988832|14645533|11880271|9722548|8887676|1508666|15043934|12414801|12832462|25609649|12482991
ATF1	ATF1	P18846	P18846	0.8	HPRD|I2D|INTACT		Kobayashi M (1997)|Reinke AW (2010)|Ciani B (2010)	9016641|20102225|21045134
JUN	ATF1	P05412	P18846	0.8	HPRD|I2D|INTACT		Dorsey MJ (1995)|Li X (2015)	8570175|25609649
CREBBP	ATF1	Q92793	P18846	0.76	BIOGRID|HPRD|I2D		Shimomura A (1996)	8663317
CREM	CREM	Q03060	Q03060	0.62	HPRD|I2D|Rual 2005		Gellersen B (1997)|Rual JF (2005)	8994192|16189514
TBP	CREM	P20226	Q03060	0.85	BIOGRID|HPRD|I2D|Lim 2006		Inada A (1999)|Lim J (2006)	10409662|16713569
CREBBP	HDAC1	Q92793	Q13547	0.75	BIOGRID|HPRD		Chuang HC (2006)|Mayanil CS (2006)	16528103|16787918
CREBBP	HDAC3	Q92793	O15379	0.7	BIOGRID|HPRD|I2D		Chuang HC (2006)	16528103
CEBPA	CREBBP	P49715	Q92793	0.52	HPRD|I2D		Kov??cs KA (2003)	12857754
CEBPB	CREBBP	P17676	Q92793	0.59	BIOGRID|HPRD|I2D		Kov??cs KA (2003)	12857754
CREM	CREBBP	Q03060	Q92793	0.62	BIOGRID|HPRD|I2D		Laurance ME (1997)	9006899
ETS2	CREBBP	P15036	Q92793	0.82	BIOGRID|HPRD|I2D|STRING		Jayaraman G (1999)|Matsuda S (2004)|Foulds CE (2004)	10358095|14722092|15572696
CREBBP	SPIB	Q92793	Q01892	0.55	HPRD|I2D		Yamamoto H (2002)	11864910
GATA2	RARA	P23769	P10276	0.78	HPRD|I2D|Lim 2006|Rual 2005		Tsuzuki S (2004)|Rual JF (2005)|Lim J (2006)	15254248|16189514|16713569
NFYA	NFYA	P23511	P23511	0.59	HPRD|ORTHO		Di Agostino S (2006)	16959611
PML	CSNK2A1	P29590	P68400	0.87	BIOGRID|HPRD|I2D|INTACT		Scaglioni PP (2006)|Hung MS (2010)|Stehmeier P (2009)|Rabellino A (2012)	16873060|20625391|19217413|22406621
FLT3	FLT3	P36888	P36888	0.71	BIOGRID|HPRD|I2D		Kiyoi H (2002)|Verstraete K (2011)	11971190|21389326
HDAC3	GATA2	O15379	P23769	0.87	BIOGRID|HPRD|I2D|Rual 2005		Ozawa Y (2001)|Rual JF (2005)	11567998|16189514
GATA2	JUN	P23769	P05412	0.75	BIOGRID|HPRD|I2D		Yamashita K (2001)	11278891
CEBPD	CEBPA	P49716	P49715	0.75	HPRD|I2D|INTACT		Cao Z (1991)|Reinke AW (2010)	1840554|20102225
RB1	CEBPD	P06400	P49716	0.75	BIOGRID|HPRD|I2D		Chen PL (1996)|Gery S (2005)	8946919|15674331
CEBPB	CEBPD	P17676	P49716	0.87	BIOGRID|HPRD|I2D|INTACT		Cao Z (1991)|Reinke AW (2010)	1840554|20102225
CEBPD	CEBPE	P49716	Q15744	0.65	HPRD|I2D		Chih DY (2004)	15588942
CEBPD	CREBBP	P49716	Q92793	0.59	BIOGRID|HPRD|I2D		Kov??cs KA (2003)	12857754
ATF1	CREM	P18846	Q03060	0.52	HPRD|I2D		Newman JR (2003)	12805554
FOS	MITF	P01100	O75030	0.83	BIOGRID|HPRD|I2D|Rual 2005|STRING		Sato M (1999)|Rual JF (2005)	9918847|16189514
FOS	NFKB1	P01100	P19838	0.52	HPRD|I2D		Ahmad M (1998)	9468519
PARP1	NFKB1	P09874	P19838	0.87	BIOGRID|HPRD|I2D|INTACT		Hassa PO (2001)|Hassa PO (2005)|Amiri KI (2006)|Li X (2015)	11590148|16204234|16799643|25609649
CEBPB	NFKB1	P17676	P19838	0.76	BIOGRID|HPRD|I2D		LeClair KP (1992)	1518839
HDAC1	NFKB1	Q13547	P19838	0.97	BIOGRID|HPRD|I2D|INTACT|MINT		Zhong H (2002)|Thornburg NJ (2003)|Williams SA (2005)|Viatour P (2003)|Sun JM (2007)|Barr?? B (2007)|Liu C (2014)|Chen TC (2014)	11931769|14678988|16319923|12972430|17827154|17962807|24448807|25241761
ETS2	ETS2	P15036	P15036	0.65	HPRD|I2D		Basuyaux JP (1997)	9334186
ERG	ETS2	P11308	P15036	0.78	BIOGRID|HPRD|I2D		Basuyaux JP (1997)	9334186
JUN	ETS2	P05412	P15036	0.78	BIOGRID|HPRD|I2D		Basuyaux JP (1997)	9334186
JUN	SKI	P05412	P12755	0.74	BIOGRID|HPRD|I2D		Pessah M (2002)	12034730
MECP2	SKI	P51608	P12755	0.79	BIOGRID|HPRD|I2D		Kokura K (2001)	11441023
SIN3A	SKI	Q96ST3	P12755	0.9	BIOGRID|HPRD|I2D|INTACT		Steffan JS (2000)|Khan MM (2001)|Wu K (2003)|Inoue Y (2010)|Nomura T (1999)	10823891|11430826|14525983|21149449|10049357
FOS	FOS	P01100	P01100	0.88	BIOGRID|HPRD|I2D|INTACT		Carr??re S (1998)|Lee SK (1998)|Reinke AW (2013)|Li X (2015)	9681824|9642216|23661758|25609649
JUN	FOS	P05412	P01100	1	BIND|BIOGRID|DIP|HOMOMINT|HPRD|I2D|INTACT|MINT|ORTHO		Glover JN (1995)|Neznanov N (1997)|Chevray PM (1992)|Bossis G (2005)|Liu H (2006)|Miyamoto-Sato E (2005)|Ito T (2000)|Pognonec P (1997)|Yang X (1999)|Nomura N (1993)|Finkel T (1993)|Venugopal R (1998)|Kumar NV (2001)|Antinore MJ (1996)|Shyu YJ (2008)|Bandyopadhyay S (2010)|Miyamoto-Sato E (2010)|Worrall JA (2010)|Asim M (2010)|Dumin E (2006)|Srivastav RK (2011)|Gupta K (2000)|Bachmann M (2004)|Varjosalo M (2013)|Subbaramaiah K (2007)|Jang M (2012)|Miyagi M (2005)|Reinke AW (2013)|Tam WL (2013)|Yamaguchi K (2005)|Tang HY (2006)|Adler J (2010)|Billiet L (2008)|Huttlin EL (2015)|Marden NY (2005)|Reinke AW (2010)|Baan B (2010)|Li X (2015)|Hein MY (2015)|Huttlin EL (2017)	7816143|9346889|1631061|16055710|16511568|15867431|11053448|9160889|10488148|8440710|8380166|9872330|11431474|8617242|18172215|20936779|20195357|21199371|20410304|16714286|21675959|11090181|15319445|23602568|17440114|22719067|15718494|23661758|24029232|15994313|16928824|20498278|18848838|26186194|16008525|20102225|20511396|25609649|26496610|28514442
RB1	FOS	P06400	P01100	0.7	BIOGRID|HPRD|I2D|Rual 2005|STRING		Udvadia AJ (1993)|Rual JF (2005)|Nead MA (1998)	8475068|16189514|9545246
TBP	FOS	P20226	P01100	0.9	BIOGRID|DIP|HPRD|I2D|Lim 2006		Ransone LJ (0)|Metz R (1994)|Lim J (2006)|Bossis G (2005)	7685215|8065335|16713569|16055710
ETS1	CREBBP	P14921	Q92793	0.82	BIOGRID|HPRD|I2D		Yang C (1998)|Foulds CE (2004)|Giese K (1995)|Tsai LN (2008)	9528793|15572696|7774816|18443043
ETS1	NFKB1	P14921	P19838	0.65	BIOGRID|HPRD|I2D|INTACT|STRING		Bassuk AG (1997)|Chen TC (2014)	9094628|25241761
ETS1	ETS1	P14921	P14921	0.75	HPRD|I2D|INTACT		Baillat D (2002)|Li X (2015)	12034715|25609649
ETS2	ETS1	P15036	P14921	0.85	BIOGRID|HPRD|I2D|Rual 2005		Basuyaux JP (1997)|Rual JF (2005)	9334186|16189514
FOS	ETS1	P01100	P14921	0.62	HPRD|I2D|Rual 2005|STRING		Logan SK (1996)|Rual JF (2005)	8557686|16189514
JUN	ETS1	P05412	P14921	0.88	BIOGRID|HPRD|I2D|INTACT		Logan SK (1996)|Miyamoto-Sato E (2010)	8557686|20195357
FUS	FUS	P35637	P35637	0.86	HPRD|I2D|INTACT		Yang L (1998)|Thomsen C (2013)|Wang X (2008)	9774382|23975937|18509338
DNMT3B	SIN3A	Q9UBC3	Q96ST3	0.55	BIOGRID		Geiman TM (2004)	15148359
RUNX1	CEBPA	Q01196	P49715	0.65	HPRD|I2D|INTACT|MINT		Fujimoto T (2007)	17431401
FOS	RUNX1	P01100	Q01196	0.88	BIOGRID|HPRD|I2D		D'Alonzo RC (2001)|Hess J (2001)	11641401|11274169
JUN	RUNX1	P05412	Q01196	0.88	BIOGRID|HPRD|I2D		Hess J (2001)|D'Alonzo RC (2001)	11274169|11641401
CEBPB	RUNX1	P17676	Q01196	0.75	BIOGRID|HPRD|I2D		Zhang DE (1996)	8622667
GATA1	HDAC1	P15976	Q13547	0.72	BIOGRID		Watamoto K (2003)	14668799
GATA1	HDAC3	P15976	O15379	0.78	BIOGRID		Watamoto K (2003)	14668799
RARA	RARA	P10276	P10276	0.88	BIOGRID		Martin PJ (2003)|Kr??mer OH (2007)|Yamamoto Y (2010)|Gianni M (2017)	14521715|18073335|20807888|27419624
RARA	HDAC3	P10276	O15379	0.75	BIOGRID		Franco PJ (2003)	12943985
HDAC1	BCL6	Q13547	P41182	0.89	BIOGRID		David G (1998)|Deltour S (1999)|Fujita N (2004)|Miles RR (2005)|Dhordain P (1998)	9627120|10611298|15454082|16147992|9753732
DNMT3A	RB1	Q9Y6K1	P06400	0.87	BIOGRID		Fuks F (2001)|Charlet J (2012)	11350943|23280764
CREBBP	FOS	Q92793	P01100	0.89	BIOGRID		Fan S (2002)|Bossis G (2005)|Patel D (1999)	11782371|16055710|10487758
VAV1	JUN	P15498	P05412	0.65	BIOGRID		Kaminuma O (2001)	11287617
ETS2	FOS	P15036	P01100	0.75	BIOGRID|STRING		Basuyaux JP (1997)	9334186
PML	JUN	P29590	P05412	0.89	BIOGRID		Vallian S (1998)|Yasuda S (1999)|Seo SR (2006)|Salomoni P (2004)	9671405|10620019|16916642|15626733
PML	FOS	P29590	P01100	0.84	BIOGRID|Rual 2005|STRING		Vallian S (1998)|Rual JF (2005)	9671405|16189514
MAPK8	ETV1	P45983	P50549	0.65	BIOGRID		Janknecht R (2001)	11551945
BCL6	PML	P41182	P29590	0.63	BIOGRID		Dhordain P (2000)	11175338
RUNX1	ETS1	Q01196	P14921	0.75	BIOGRID		Mao S (1999)	10207087
NFKB1	IRF8	P19838	Q02556	0.75	BIOGRID		Drew PD (1995)	8550813
HOXA10	HOXA10	P31260	P31260	0.52	HPRD|I2D		Eklund EA (2002)	12145285
HOXA10	CREBBP	P31260	Q92793	0.62	BIOGRID|HPRD|I2D		Shen WF (2001)	11585930
MECP2	HDAC1	P51608	Q13547	0.89	BIOGRID		Kimura H (2002)|Martinowich K (2003)|Suzuki M (2003)|Suzuki M (2006)	12473678|14593184|14647463|16331260
HDAC3	SKI	O15379	P12755	0.89	BIOGRID|INTACT		Kim YB (2006)|Zhao HL (2009)|Tabata T (2008)|Ueki N (2007)	16987993|19341714|19032343|17621263
IRF8	IRF8	Q02556	Q02556	0.72	BIOGRID		Kong HJ (2007)	17579016
CEBPA	PARP1	P49715	P09874	0.75	BIOGRID|INTACT		Yin H (2006)	16490787
NFKB1	IRF1	P19838	P10914	0.52	HPRD|I2D		Drew PD (1995)	8746784
IRF8	IRF1	Q02556	P10914	0.89	BIOGRID|HPRD|I2D		Sharf R (1995)|Schaper F (1998)|Kautz B (2001)	7768900|9742224|11483597
NFKB1	PRKDC	P19838	P78527	0.82	I2D|INTACT|MINT|STRING		Bouwmeester T (2004)|Li X (2015)	14743216|25609649
NFKB1	NONO	P19838	Q15233	0.7	I2D|MINT|ORTHO		Bouwmeester T (2004)	14743216
RUNX1	CREBBP	Q01196	Q92793	0.82	BIOGRID|I2D|INTACT|MINT		Aikawa Y (2006)|Nguyen LA (2004)	16917507|15331439
HDAC1	GATA2	Q13547	P23769	0.56	DIP|INTACT		Zhang SJ (2008)	18250304
CREBBP	GATA2	Q92793	P23769	0.56	DIP|INTACT		Zhang SJ (2008)	18250304
RARA	SKI	P10276	P12755	0.75	BIOGRID		Zhao HL (2009)|Ritter M (2006)	19341714|16424870
CEBPA	MAPK8	P49715	P45983	0.7	BIOGRID		Trivedi AK (2006)	16983342
HDAC1	GFI1	Q13547	Q99684	0.72	BIOGRID|INTACT		Duan Z (2005)	16287849
NFKB1	SIN3A	P19838	Q96ST3	0.72	BIOGRID|INTACT|MINT		Barr?? B (2007)	17962807
ETV1	PARP1	P50549	P09874	0.63	INTACT		Brenner JC (2011)	21575865
ERG	PARP1	P11308	P09874	0.88	BIOGRID|INTACT		Brenner JC (2011)|Wang S (2014)	21575865|24591637
ETS1	PARP1	P14921	P09874	0.63	INTACT		Brenner JC (2011)	21575865
ETS1	GATA3	P14921	P23771	0.65	HPRD|I2D|Rual 2005		Blumenthal SG (1999)|Rual JF (2005)	10212281|16189514
ETS2	GATA3	P15036	P23771	0.65	HPRD|I2D|Rual 2005		Blumenthal SG (1999)|Rual JF (2005)	10212281|16189514
ETS1	PRKDC	P14921	P78527	0.68	INTACT		Brenner JC (2011)	21575865
PRKDC	ERG	P78527	P11308	0.88	BIOGRID|INTACT		Brenner JC (2011)|Wang S (2014)	21575865|24591637
ETV1	PRKDC	P50549	P78527	0.68	INTACT		Brenner JC (2011)	21575865
NFKB1	PML	P19838	P29590	0.65	BIOGRID|INTACT|STRING		Wang J (2011)	21988832
SIN3A	TBP	Q96ST3	P20226	0.63	BIOGRID		Nakamura T (2002)	12453419
CEBPB	HDAC1	P17676	Q13547	0.73	BIOGRID		Gulbagci NT (2008)|Jin J (2011)	19029947|21638299
XRCC6	PRKDC	P12956	P78527	0.89	BIOGRID|INTACT		Wong RH (2009)|Olsen BB (2010)|Brenner JC (2011)|Rubin E (2007)|Shamanna RA (2011)|Drouet J (2004)|Gottlieb TM (1993)|Shao RG (1999)|Sartorius CA (2000)|Havugimana PC (2012)|Hein MY (2015)|Goodwin JF (2015)	19303849|20711232|21575865|17308091|21969602|15520013|8422676|10064605|10750018|22939629|26496610|26175416
NFATC1	PARP1	O95644	P09874	0.68	BIOGRID		Valdor R (2008)	18078995
HDAC3	NFATC1	O15379	O95644	0.52	BIOGRID		Choo MK (2009)	19463978
HDAC1	MAPK8	Q13547	P45983	0.63	BIOGRID		Morrison BE (2006)	16611996
CREBBP	RARA	Q92793	P10276	0.73	BIOGRID		Reineke EL (2007)|Tsai LN (2008)	17475621|18443043
CREBBP	IRF1	Q92793	P10914	0.56	BIOGRID		Merika M (1998)	9659924
RUNX1	PML	Q01196	P29590	0.75	BIOGRID		Kr??mer OH (2007)|Nguyen LA (2004)	18073335|15331439
PARP1	HDAC3	P09874	O15379	0.68	BIOGRID		Hassa PO (2005)	16204234
CEBPD	HDAC3	P49716	O15379	0.78	BIOGRID		Turgeon N (2008)|Lai PH (2008)	17910034|18619497
CEBPD	HDAC1	P49716	Q13547	0.78	BIOGRID		Turgeon N (2008)|Lai PH (2008)	17910034|18619497
SKI	RB1	P12755	P06400	0.63	BIOGRID		Tokitou F (1999)	9988677
RUNX1	RARA	Q01196	P10276	0.63	BIOGRID		Kr??mer OH (2007)	18073335
CREM	HDAC1	Q03060	Q13547	0.75	BIOGRID|INTACT		Tenbrock K (2006)	17056544
SIN3A	CSNK2A1	Q96ST3	P68400	0.74	BIOGRID		Sun JM (2007)|Havugimana PC (2012)|Wan C (2015)	17827154|22939629|26344197
CREBBP	BCL6	Q92793	P41182	0.52	BIOGRID		Pasqualucci L (2011)	21390126
CEBPA	HDAC1	P49715	Q13547	0.76	BIOGRID		Duan H (2005)|Matsunaga N (2012)|Girard N (2013)	15713621|22355045|23898169
CREBBP	PARP1	Q92793	P09874	0.65	BIOGRID		Hassa PO (2005)|Chen H (2014)	16204234|25306110
HDAC1	TBP	Q13547	P20226	0.63	BIOGRID		Wu  Y (2001)	11313951
SIN3A	RUNX1	Q96ST3	Q01196	0.63	BIOGRID		Imai Y (2004)	14729951
HDAC1	RUNX1	Q13547	Q01196	0.79	BIOGRID		Reed-Inderbitzin E (2006)|Guo H (2010)|Shia WJ (2012)|Leong WY (2015)	16652147|21059642|22498736|26598521
PRKDC	HDAC3	P78527	O15379	0.52	BIOGRID		Jeyakumar M (2007)	17242407
CEBPA	JUN	P49715	P05412	0.63	BIOGRID		Zada AA (2006)	17082780
PARP1	HDAC1	P09874	Q13547	0.81	BIOGRID		Hassa PO (2005)|Hang CT (2010)|Rajamohan SB (2009)	16204234|20596014|19470756
RUNX1	RUNX1	Q01196	Q01196	0.85	BIOGRID|INTACT		Kr??mer OH (2007)|Liu Y (2006)|Nitta E (2005)	18073335|16616331|15897867
GATA3	HDAC3	P23771	O15379	0.87	BIOGRID|INTACT		Chen GY (2006)|Li X (2018)	17075044|29453984
HDAC3	NFKB1	O15379	P19838	0.75	BIOGRID		Viatour P (2003)|Hoberg JE (2004)	12972430|15494311
GATA1	SKI	P15976	P12755	0.63	BIOGRID		Ueki N (2004)	15542823
HDAC3	RUNX1	O15379	Q01196	0.79	BIOGRID		Reed-Inderbitzin E (2006)|Guo H (2010)|Leong WY (2015)	16652147|21059642|26598521
HDAC1	NONO	Q13547	Q15233	0.76	BIOGRID		Dong X (2007)|Liu L (2011)|Zhang C (2008)	17452459|21566083|18439917
JUN	HDAC1	P05412	Q13547	0.82	BIOGRID|INTACT		Tenbrock K (2006)|Li X (2015)	17056544|25609649
CREBBP	XRCC6	Q92793	P12956	0.85	BIOGRID		Barlev NA (1998)|Cohen HY (2004)	9488450|15023334
VAV1	XRCC6	P15498	P12956	0.75	BIOGRID		Romero F (1996)	8524317
SSRP1	SSRP1	Q08945	Q08945	0.63	BIOGRID		O'Connell BC (2010)	21055985
TBP	CREBBP	P20226	Q92793	0.63	BIOGRID		Dallas PB (1997)	8995708
NONO	HDAC3	Q15233	O15379	0.63	BIOGRID		Zhang C (2008)	18439917
NONO	SIN3A	Q15233	Q96ST3	0.63	BIOGRID		Liu L (2011)	21566083
ETV1	XRCC6	P50549	P12956	0.63	INTACT		Brenner JC (2011)	21575865
ETS1	XRCC6	P14921	P12956	0.63	INTACT		Brenner JC (2011)	21575865
CEBPA	XRCC6	P49715	P12956	0.75	BIOGRID|INTACT		Yin H (2006)	16490787
NFYA	HDAC1	P23511	Q13547	0.63	BIOGRID		Ahn J (2011)	21565167
XRCC6	CSNK2A1	P12956	P68400	0.52	BIOGRID|INTACT		Olsen BB (2010)	20711232
PARP1	XRCC6	P09874	P12956	0.89	BIOGRID|INTACT		Li B (2004)|Idogawa M (2007)|Yin H (2006)|Ju BG (2006)|Galande S (1999)|Wu T (2013)|Huttlin EL (2017)	14734561|17283121|16490787|16794079|10400681|24140708|28514442
ERG	XRCC6	P11308	P12956	0.76	BIOGRID|INTACT		Brenner JC (2011)	21575865
ERG	HDAC1	P11308	Q13547	0.14	INTACT|MINT			
CSNK2A1	PRKDC	P68400	P78527	0.65	BIOGRID		Olsen BB (2012)	22404984
MAPK8	MAPK8	P45983	P45983	0.75	BIOGRID		Li M (2010)|Varjosalo M (2013)	20194509|23602568
PARP1	XRCC5	P09874	P13010	0.89	BIOGRID|INTACT		Abramson J (2010)|Sand-Dejmek J (2011)|Brenner JC (2011)|Li B (2004)|Idogawa M (2007)|Yin H (2006)|Ju BG (2006)|Galande S (1999)|Wu T (2013)	20085707|21679440|21575865|14734561|17283121|16490787|16794079|10400681|24140708
ETS1	XRCC5	P14921	P13010	0.63	INTACT		Brenner JC (2011)	21575865
XRCC5	VAV1	P13010	P15498	0.63	BIOGRID		Adam L (2000)	10673353
XRCC5	CSNK2A1	P13010	P68400	0.52	BIOGRID|INTACT		Olsen BB (2010)	20711232
XRCC5	PRKDC	P13010	P78527	0.9	BIOGRID|INTACT		Abramson J (2010)|Wong RH (2009)|Olsen BB (2010)|Rubin E (2007)|Falck J (2005)|Jin S (1997)|Drouet J (2004)|Gell D (1999)|Matheos D (2002)|Sand-Dejmek J (2011)|Olsen BB (2012)|Drouet J (2006)|Sibanda BL (2009)|Sartorius CA (2000)|Hein MY (2015)|Wan C (2015)	20085707|19303849|20711232|17308091|15758953|9312071|15520013|10446239|12393188|21679440|22404984|16857680|20023628|10750018|26496610|26344197
XRCC6	XRCC5	P12956	P13010	0.9	BIOGRID|INTACT|MINT		Hermjakob H (2004)|Cooper MP (2000)|Sand-Dejmek J (2011)|Rubin E (2007)|Walker JR (2001)|Idogawa M (2007)|Zheng Y (2011)|Lan L (2010)|Willis DM (2002)|Sucharov CC (2004)|Velma V (2010)|Drouet J (2004)|Barlev NA (1998)|Sibani S (2005)|Cohen HY (2004)|Yang CR (1999)|Singleton BK (1999)|Gell D (1999)|Song K (2000)|Rivera-Calzada A (2006)|Nick McElhinny SA (2000)|Trougakos IP (2009)|Pucci S (2009)|Kristensen AR (2012)|Kelavkar UP (0)|Sartorius CA (2000)|Havugimana PC (2012)|Kim E (2008)|Hein MY (2015)|Wan C (2015)|Fantini D (2016)|Zhang Q (2016)|Nolens G (2009)|Huttlin EL (2017)|Zhang J (2012)|Fasci D (2018)|Ochi T (2015)	14681455|10783163|21679440|17308091|11493912|17283121|21454661|21172662|12145306|15367688|21070772|15520013|9488450|15910003|15023334|10219089|10207052|10446239|10984620|17159921|10757784|19118032|19177010|22863883|11196700|10750018|22939629|18809223|26496610|26344197|28035050|26774286|19906305|28514442|22451927|30021884|25574025
CEBPA	XRCC5	P49715	P13010	0.75	BIOGRID|INTACT		Yin H (2006)	16490787
ERG	XRCC5	P11308	P13010	0.76	BIOGRID|INTACT		Brenner JC (2011)	21575865
ETV1	XRCC5	P50549	P13010	0.63	INTACT		Brenner JC (2011)	21575865
XRCC5	SSRP1	P13010	Q08945	0.65	BIOGRID		Sand-Dejmek J (2011)	21679440
PML	NFATC1	P29590	O95644	0.63	BIOGRID		Lo YH (2008)	18246125
HDAC1	NFATC1	Q13547	O95644	0.63	BIOGRID		Nayak A (2009)	19218564
SKI	HDAC1	P12755	Q13547	0.63	INTACT		Nomura T (1999)	10049357
RB1	MAPK8	P06400	P45983	0.63	BIOGRID		Li H (2001)	11566021
FUS	NONO	P35637	Q15233	0.74	BIOGRID		Havugimana PC (2012)|Wang T (2014)|Wan C (2015)	22939629|25192599|26344197
CEBPE	CEBPA	Q15744	P49715	0.8	BIOGRID		Reddy KV (2003)|Reinke AW (2013)	12571239|23661758
CEBPE	JUN	Q15744	P05412	0.65	BIOGRID		Reinke AW (2013)	23661758
GATA1	SPIB	P15976	Q01892	0.56	BIOGRID		Rekhtman N (1999)	10364157
FOS	CEBPA	P01100	P49715	0.65	BIOGRID		Reinke AW (2013)	23661758
XRCC5	XRCC5	P13010	P13010	0.52	BIOGRID		Sartorius CA (2000)	10750018
XRCC6	XRCC6	P12956	P12956	0.52	BIOGRID		Sartorius CA (2000)	10750018
CEBPE	FOS	Q15744	P01100	0.65	BIOGRID		Reinke AW (2013)	23661758
CEBPE	CEBPE	Q15744	Q15744	0.65	BIOGRID		Reinke AW (2013)	23661758
DNMT3A	DNMT3A	Q9Y6K1	Q9Y6K1	0.55	INTACT		Russler-Germain DA (2014)	24656771
HDAC1	RARA	Q13547	P10276	0.56	BIOGRID		Girard N (2013)	23898169
ERG	NONO	P11308	Q15233	0.68	BIOGRID		Wang S (2014)	24591637
CEBPA	RARA	P49715	P10276	0.68	BIOGRID		Girard N (2013)	23898169
NFKB1	PRKCD	P19838	Q05655	0	STRING			
CREBBP	MITF	Q92793	O75030	0	KEGG|STRING			
JUN	ETV1	P05412	P50549	0.56	BIOGRID		Fuchs B (2003)	14550555
CSNK2A1	NFYA	P68400	P23511	0.63	BIOGRID|INTACT		Rolland T (2014)	25416956
PARP1	JUN	P09874	P05412	0.82	BIOGRID|INTACT		Kim BK (2014)|Li X (2015)	24636898|25609649
PRKDC	RARA	P78527	P10276	0.56	INTACT		Liu Z (2014)	25303530
RARA	XRCC6	P10276	P12956	0.56	INTACT		Liu Z (2014)	25303530
DNMT3A	CREM	Q9Y6K1	Q03060	0.63	INTACT		Hedrich CM (2011)	21976679
CEBPD	CEBPD	P49716	P49716	0.63	INTACT		Reinke AW (2010)	20102225
RARA	XRCC5	P10276	P13010	0.56	INTACT		Liu Z (2014)	25303530
RARA	FOS	P10276	P01100	0.68	INTACT		Liu Z (2014)	25303530
RARA	GATA3	P10276	P23771	0.71	INTACT		Liu Z (2014)	25303530
FOS	GATA3	P01100	P23771	0.55	INTACT		Liu Z (2014)	25303530
PML	GATA1	P29590	P15976	0.68	BIOGRID		Wu J (2013)	24255919
NFATC1	HOXA10	O95644	P31260	0.72	BIOGRID|INTACT		Li X (2015)	25609649
JUN	NFATC1	P05412	O95644	0.87	BIOGRID|INTACT		Li X (2015)|Gabriel CH (2016)	25609649|27637333
JUN	CEBPB	P05412	P17676	0.72	BIOGRID|INTACT		Li X (2015)	25609649
FOS	NFATC1	P01100	O95644	0.82	BIOGRID|INTACT		Li X (2015)|Gabriel CH (2016)	25609649|27637333
SKI	PRKDC	P12755	P78527	0.63	BIOGRID		Rashidian J (2015)	25670202
NFATC1	ATF1	O95644	P18846	0.75	BIOGRID|INTACT		Li X (2015)	25609649
ETS1	TBP	P14921	P20226	0.56	BIOGRID		Schwarzenbach H (2014)	25363021
JUN	SSRP1	P05412	Q08945	0.63	INTACT		Li X (2015)	25609649
NFATC1	NFATC1	O95644	O95644	0.63	INTACT		Li X (2015)	25609649
NFKB1	PIP	P19838	P12273	0.63	INTACT		Li X (2015)	25609649
JUN	FUS	P05412	P35637	0.63	INTACT		Li X (2015)	25609649
JUN	NONO	P05412	Q15233	0.63	INTACT		Li X (2015)	25609649
GATA3	HDAC1	P23771	Q13547	0.87	BIOGRID|INTACT		Si W (2015)|Li X (2018)	26028330|29453984
JUN	PIP	P05412	P12273	0.63	INTACT		Li X (2015)	25609649
JUN	XRCC6	P05412	P12956	0.63	INTACT		Li X (2015)	25609649
JUN	MECP2	P05412	P51608	0.63	INTACT		Li X (2015)	25609649
JUN	XRCC5	P05412	P13010	0.63	INTACT		Li X (2015)	25609649
NFATC1	RUNX1	O95644	Q01196	0.63	BIOGRID		Gabriel CH (2016)	27637333
RUNX1	XRCC6	Q01196	P12956	0.63	BIOGRID		Huber FM (2017)	28533407
RUNX1	FUS	Q01196	P35637	0.63	BIOGRID		Huber FM (2017)	28533407
NFATC1	CREBBP	O95644	Q92793	0.63	BIOGRID		Gabriel CH (2016)	27637333
NFATC1	XRCC6	O95644	P12956	0.63	BIOGRID		Gabriel CH (2016)	27637333
RUNX1	NONO	Q01196	Q15233	0.63	BIOGRID		Huber FM (2017)	28533407
NFATC1	XRCC5	O95644	P13010	0.63	BIOGRID		Gabriel CH (2016)	27637333
CREBBP	NFYA	Q92793	P23511	0.63	BIOGRID		Huang X (2013)	23908595
XRCC6	SSRP1	P12956	Q08945	0.63	BIOGRID		Huttlin EL (2017)	28514442
HDAC3	BCL6	O15379	P41182	0.65	BIOGRID		Xu F (2016)	26728228
SSRP1	PARP1	Q08945	P09874	0.63	BIOGRID		Huttlin EL (2017)	28514442
CREBBP	GATA3	Q92793	P23771	0.71	BIOGRID		Li X (2018)	29453984
BCL6	GATA1	P41182	P15976	0.63	BIOGRID		Yachie N (2016)	27107012
MECP2	HDAC3	P51608	O15379	0.63	INTACT		Lyst MJ (2013)	23770565
RB1	GATA1	P06400	P15976	0.63	INTACT		Kadri Z (2009)	19513100
DNMT3B	PARP1	Q9UBC3	P09874	0.63	INTACT		Muvarak NE (2016)	27728808
gp120	NFKB1	P04578	P19838	0.79	HHPID			9621091|8870842|23251686|22528837|21826700|16001969
gp120	PRKCD	P04578	Q05655	0.79	HHPID			8599832|3259291|22114277|1970444|11141237|11504923
gp120	FOS	P04578	P01100	0.23	HHPID			16001969
gp120	JUN	P04578	P05412	0.23	HHPID			16001969
gp120	PRKDC	P04578	P78527	0.23	HHPID			23125841
gp120	NONO	P04578	Q15233	0.23	HHPID			23125841
pol	PRKDC	P04585	P78527	0.23	HHPID			23125841
pol	NONO	P04585	Q15233	0.23	HHPID			23125841